[{"model": "admin.logentry", "pk": 1, "fields": {"action_time": "2022-04-25T20:45:15.675Z", "user": 1, "content_type": 14, "object_id": "1", "object_repr": "speedboat", "action_flag": 1, "change_message": "[{\"added\": {}}]"}}, {"model": "admin.logentry", "pk": 2, "fields": {"action_time": "2022-04-25T20:45:28.885Z", "user": 1, "content_type": 14, "object_id": "2", "object_repr": "submarine", "action_flag": 1, "change_message": "[{\"added\": {}}]"}}, {"model": "admin.logentry", "pk": 3, "fields": {"action_time": "2022-04-25T20:45:43.429Z", "user": 1, "content_type": 14, "object_id": "3", "object_repr": "hovercraft", "action_flag": 1, "change_message": "[{\"added\": {}}]"}}, {"model": "admin.logentry", "pk": 4, "fields": {"action_time": "2022-04-25T20:45:58.293Z", "user": 1, "content_type": 14, "object_id": "4", "object_repr": "animal", "action_flag": 1, "change_message": "[{\"added\": {}}]"}}, {"model": "admin.logentry", "pk": 5, "fields": {"action_time": "2022-04-25T20:46:07.796Z", "user": 1, "content_type": 14, "object_id": "5", "object_repr": "jetski", "action_flag": 1, "change_message": "[{\"added\": {}}]"}}, {"model": "admin.logentry", "pk": 6, "fields": {"action_time": "2022-04-25T20:46:20.413Z", "user": 1, "content_type": 14, "object_id": "6", "object_repr": "land", "action_flag": 1, "change_message": "[{\"added\": {}}]"}}, {"model": "admin.logentry", "pk": 7, "fields": {"action_time": "2022-04-25T20:46:30.525Z", "user": 1, "content_type": 14, "object_id": "7", "object_repr": "warship", "action_flag": 1, "change_message": "[{\"added\": {}}]"}}, {"model": "admin.logentry", "pk": 8, "fields": {"action_time": "2022-04-25T20:46:41.704Z", "user": 1, "content_type": 14, "object_id": "8", "object_repr": "fishing", "action_flag": 1, "change_message": "[{\"added\": {}}]"}}, {"model": "admin.logentry", "pk": 9, "fields": {"action_time": "2022-04-25T21:48:01.129Z", "user": 1, "content_type": 8, "object_id": "GBP", "object_repr": "GBP", "action_flag": 1, "change_message": "[{\"added\": {}}]"}}, {"model": "admin.logentry", "pk": 10, "fields": {"action_time": "2022-04-25T21:51:11.148Z", "user": 1, "content_type": 8, "object_id": "EUR", "object_repr": "EUR", "action_flag": 1, "change_message": "[{\"added\": {}}]"}}, {"model": "admin.logentry", "pk": 11, "fields": {"action_time": "2022-04-25T21:56:39.406Z", "user": 1, "content_type": 15, "object_id": "1", "object_repr": "TccSpe0001", "action_flag": 1, "change_message": "[{\"added\": {}}]"}}, {"model": "admin.logentry", "pk": 12, "fields": {"action_time": "2022-04-25T22:02:11.973Z", "user": 1, "content_type": 15, "object_id": "2", "object_repr": "TccSpe0002", "action_flag": 1, "change_message": "[{\"added\": {}}]"}}, {"model": "admin.logentry", "pk": 13, "fields": {"action_time": "2022-04-25T22:04:44.256Z", "user": 1, "content_type": 15, "object_id": "3", "object_repr": "TccSub0001", "action_flag": 1, "change_message": "[{\"added\": {}}]"}}, {"model": "admin.logentry", "pk": 14, "fields": {"action_time": "2022-04-25T22:08:21.226Z", "user": 1, "content_type": 15, "object_id": "4", "object_repr": "TccFis0001", "action_flag": 1, "change_message": "[{\"added\": {}}]"}}, {"model": "admin.logentry", "pk": 15, "fields": {"action_time": "2022-04-25T22:11:26.771Z", "user": 1, "content_type": 15, "object_id": "5", "object_repr": "TccHov0001", "action_flag": 1, "change_message": "[{\"added\": {}}]"}}, {"model": "admin.logentry", "pk": 16, "fields": {"action_time": "2022-04-25T22:13:55.462Z", "user": 1, "content_type": 15, "object_id": "6", "object_repr": "TccFis0004", "action_flag": 1, "change_message": "[{\"added\": {}}]"}}, {"model": "admin.logentry", "pk": 17, "fields": {"action_time": "2022-04-25T22:17:06.878Z", "user": 1, "content_type": 15, "object_id": "7", "object_repr": "ShaAni0001", "action_flag": 1, "change_message": "[{\"added\": {}}]"}}, {"model": "admin.logentry", "pk": 18, "fields": {"action_time": "2022-04-25T22:19:34.399Z", "user": 1, "content_type": 15, "object_id": "8", "object_repr": "TccJet0001", "action_flag": 1, "change_message": "[{\"added\": {}}]"}}, {"model": "admin.logentry", "pk": 19, "fields": {"action_time": "2022-04-25T22:22:21.898Z", "user": 1, "content_type": 15, "object_id": "9", "object_repr": "TccSpe0005", "action_flag": 1, "change_message": "[{\"added\": {}}]"}}, {"model": "admin.logentry", "pk": 20, "fields": {"action_time": "2022-04-25T22:28:09.214Z", "user": 1, "content_type": 15, "object_id": "10", "object_repr": "TccSpe0006", "action_flag": 1, "change_message": "[{\"added\": {}}]"}}, {"model": "admin.logentry", "pk": 21, "fields": {"action_time": "2022-04-25T22:32:19.807Z", "user": 1, "content_type": 15, "object_id": "11", "object_repr": "TccSpe0007", "action_flag": 1, "change_message": "[{\"added\": {}}]"}}, {"model": "admin.logentry", "pk": 22, "fields": {"action_time": "2022-04-26T12:20:18.200Z", "user": 1, "content_type": 15, "object_id": "10", "object_repr": "TccSpe0006", "action_flag": 2, "change_message": "[{\"changed\": {\"fields\": [\"Category\"]}}]"}}, {"model": "admin.logentry", "pk": 23, "fields": {"action_time": "2022-04-26T12:20:46.879Z", "user": 1, "content_type": 15, "object_id": "7", "object_repr": "ShaAni0001", "action_flag": 2, "change_message": "[{\"changed\": {\"fields\": [\"Category\"]}}]"}}, {"model": "admin.logentry", "pk": 24, "fields": {"action_time": "2022-04-26T12:21:11.984Z", "user": 1, "content_type": 15, "object_id": "6", "object_repr": "TccFis0004", "action_flag": 2, "change_message": "[{\"changed\": {\"fields\": [\"Category\"]}}]"}}, {"model": "admin.logentry", "pk": 25, "fields": {"action_time": "2022-04-26T12:28:30.154Z", "user": 1, "content_type": 4, "object_id": "1", "object_repr": "admin", "action_flag": 2, "change_message": "[{\"changed\": {\"fields\": [\"Email address\"]}}]"}}, {"model": "admin.logentry", "pk": 26, "fields": {"action_time": "2022-04-26T12:45:53.500Z", "user": 1, "content_type": 15, "object_id": "4", "object_repr": "TccFis0001", "action_flag": 2, "change_message": "[{\"changed\": {\"fields\": [\"Currency\"]}}]"}}, {"model": "admin.logentry", "pk": 27, "fields": {"action_time": "2022-04-26T12:46:02.105Z", "user": 1, "content_type": 15, "object_id": "6", "object_repr": "TccFis0004", "action_flag": 2, "change_message": "[{\"changed\": {\"fields\": [\"Currency\"]}}]"}}, {"model": "admin.logentry", "pk": 28, "fields": {"action_time": "2022-04-26T12:49:54.078Z", "user": 1, "content_type": 15, "object_id": "8", "object_repr": "TccJet0001", "action_flag": 2, "change_message": "[]"}}, {"model": "admin.logentry", "pk": 29, "fields": {"action_time": "2022-04-26T17:41:03.403Z", "user": 1, "content_type": 19, "object_id": "1", "object_repr": "Review of test by admin", "action_flag": 1, "change_message": "[{\"added\": {}}]"}}, {"model": "admin.logentry", "pk": 30, "fields": {"action_time": "2022-04-26T17:59:43.296Z", "user": 1, "content_type": 19, "object_id": "2", "object_repr": "Review of test by admin", "action_flag": 1, "change_message": "[{\"added\": {}}]"}}, {"model": "admin.logentry", "pk": 31, "fields": {"action_time": "2022-04-26T18:00:10.277Z", "user": 1, "content_type": 19, "object_id": "3", "object_repr": "Review of test by admin", "action_flag": 1, "change_message": "[{\"added\": {}}]"}}, {"model": "admin.logentry", "pk": 32, "fields": {"action_time": "2022-04-26T18:19:32.650Z", "user": 1, "content_type": 16, "object_id": "1", "object_repr": "Order object (1)", "action_flag": 2, "change_message": "[{\"changed\": {\"name\": \"order line item\", \"object\": \"SKU TccFis0004 on order 242A91E83AC8454E885CF3E246B0B608\", \"fields\": [\"Quantity\"]}}]"}}, {"model": "admin.logentry", "pk": 33, "fields": {"action_time": "2022-04-26T18:19:51.832Z", "user": 1, "content_type": 16, "object_id": "1", "object_repr": "Order object (1)", "action_flag": 2, "change_message": "[]"}}, {"model": "admin.logentry", "pk": 34, "fields": {"action_time": "2022-04-26T18:22:36.787Z", "user": 1, "content_type": 16, "object_id": "6", "object_repr": "Order object (6)", "action_flag": 3, "change_message": ""}}, {"model": "admin.logentry", "pk": 35, "fields": {"action_time": "2022-04-26T18:22:36.789Z", "user": 1, "content_type": 16, "object_id": "5", "object_repr": "Order object (5)", "action_flag": 3, "change_message": ""}}, {"model": "admin.logentry", "pk": 36, "fields": {"action_time": "2022-04-26T18:22:36.791Z", "user": 1, "content_type": 16, "object_id": "4", "object_repr": "Order object (4)", "action_flag": 3, "change_message": ""}}, {"model": "admin.logentry", "pk": 37, "fields": {"action_time": "2022-04-26T18:22:36.792Z", "user": 1, "content_type": 16, "object_id": "3", "object_repr": "Order object (3)", "action_flag": 3, "change_message": ""}}, {"model": "admin.logentry", "pk": 38, "fields": {"action_time": "2022-04-26T18:22:36.793Z", "user": 1, "content_type": 16, "object_id": "2", "object_repr": "Order object (2)", "action_flag": 3, "change_message": ""}}, {"model": "admin.logentry", "pk": 39, "fields": {"action_time": "2022-04-26T18:22:36.794Z", "user": 1, "content_type": 16, "object_id": "1", "object_repr": "Order object (1)", "action_flag": 3, "change_message": ""}}, {"model": "admin.logentry", "pk": 40, "fields": {"action_time": "2022-04-26T21:44:13.379Z", "user": 1, "content_type": 19, "object_id": "4", "object_repr": "Review of TccSpe0006 by admin", "action_flag": 1, "change_message": "[{\"added\": {}}]"}}, {"model": "admin.logentry", "pk": 41, "fields": {"action_time": "2022-04-27T09:12:52.072Z", "user": 1, "content_type": 9, "object_id": "1", "object_repr": "jordi.caristiahill@gmail.com", "action_flag": 2, "change_message": "[{\"changed\": {\"fields\": [\"Verified\", \"Primary\"]}}]"}}, {"model": "admin.logentry", "pk": 42, "fields": {"action_time": "2022-04-27T10:59:55.748Z", "user": 1, "content_type": 19, "object_id": "3", "object_repr": "Review of test by admin", "action_flag": 2, "change_message": "[{\"changed\": {\"fields\": [\"Body\"]}}]"}}, {"model": "admin.logentry", "pk": 43, "fields": {"action_time": "2022-04-27T11:01:40.167Z", "user": 1, "content_type": 19, "object_id": "3", "object_repr": "Review of test by admin", "action_flag": 2, "change_message": "[{\"changed\": {\"fields\": [\"Body\"]}}]"}}, {"model": "admin.logentry", "pk": 44, "fields": {"action_time": "2022-04-27T11:01:45.445Z", "user": 1, "content_type": 19, "object_id": "2", "object_repr": "Review of test by admin", "action_flag": 2, "change_message": "[{\"changed\": {\"fields\": [\"Body\"]}}]"}}, {"model": "admin.logentry", "pk": 45, "fields": {"action_time": "2022-04-27T15:35:55.251Z", "user": 1, "content_type": 9, "object_id": "2", "object_repr": "test@test.com", "action_flag": 2, "change_message": "[{\"changed\": {\"fields\": [\"Verified\"]}}]"}}, {"model": "admin.logentry", "pk": 46, "fields": {"action_time": "2022-04-27T15:40:10.861Z", "user": 1, "content_type": 4, "object_id": "1", "object_repr": "admin", "action_flag": 2, "change_message": "[{\"changed\": {\"fields\": [\"password\"]}}]"}}, {"model": "admin.logentry", "pk": 47, "fields": {"action_time": "2022-04-27T16:49:26.116Z", "user": 1, "content_type": 20, "object_id": "1", "object_repr": "TEST", "action_flag": 1, "change_message": "[{\"added\": {}}]"}}, {"model": "admin.logentry", "pk": 48, "fields": {"action_time": "2022-04-27T19:21:11.220Z", "user": 1, "content_type": 16, "object_id": "10", "object_repr": "Order object (10)", "action_flag": 2, "change_message": "[{\"changed\": {\"fields\": [\"Coupon\"]}}]"}}, {"model": "admin.logentry", "pk": 49, "fields": {"action_time": "2022-04-27T19:21:18.385Z", "user": 1, "content_type": 16, "object_id": "10", "object_repr": "Order object (10)", "action_flag": 2, "change_message": "[{\"changed\": {\"fields\": [\"Coupon\"]}}]"}}, {"model": "auth.user", "pk": 1, "fields": {"password": "pbkdf2_sha256$260000$peWaRNc84ZcT3JjJImY0oG$AAXTHaMf9PfiVhwQwZgDpgOGTs8ETA9n7v1RTJtZ1Ro=", "last_login": "2022-04-27T15:40:28.255Z", "is_superuser": true, "username": "admin", "first_name": "", "last_name": "", "email": "jordi.caristiahill@gmail.com", "is_staff": true, "is_active": true, "date_joined": "2022-04-25T18:35:49Z", "groups": [], "user_permissions": []}}, {"model": "auth.user", "pk": 2, "fields": {"password": "pbkdf2_sha256$260000$iPkNzX34OxEEFesO8Tt2Pr$4VeMV+O4UTQmYrUuJJGBL/Bs0SyMpoY6xBakeaUKpro=", "last_login": "2022-04-27T15:36:23.271Z", "is_superuser": false, "username": "test", "first_name": "", "last_name": "", "email": "test@test.com", "is_staff": false, "is_active": true, "date_joined": "2022-04-27T15:35:22.231Z", "groups": [], "user_permissions": []}}, {"model": "sessions.session", "pk": "5kgyuiaaeqn76z16q8il4mifb08ut2z9", "fields": {"session_data": ".eJxVj81qxCAURt_lrkPQISbR5Wy6Gii0e9HrtbEdNGgsHYZ59xpIC7P9fg6cOxQqJaTYY82ZIt40Jkeg4OX8Ch1oU7dF10JZB9dS_pxZg18U98J9mviRekxxy8H2-6Q_2tJfGvJ6PrZPgMWUpb0nyUZnBBouzTgMTA5MnEbHnZzMNIxorRUovCeGOPgZJ-H5bCT3M-cnbnGHHiKaftaQb6BYB39O_zrFfJMO0SdQW67Ugb8SbaDu8I74thJjTIDij3ZNdW2wXZo_fgFPYmDz:1njp1Q:lw2B8pDLdDtLgJjNfzPtiYIYeGpzvjn-v0wa84lVDnA", "expire_date": "2022-05-11T21:16:28.017Z"}}, {"model": "sessions.session", "pk": "wr3enfz61fvtu7f9t4ale3t95mmetj7h", "fields": {"session_data": ".eJxVjUsOwjAMRO-SNapw26SfHd2w5QaRYxw1okpRPgiEuDsp6oal38w8v0XkGN3qK8ohsKeXpvXKYhTn6SIOQu-x5ufdhZcYj4VhTrPOkYN219IE8ccM0o39FuCybLhCojX7VP06exyrU7nYJ0eYyoNpX_2pZoxz8TStPVqEjhTJnlhKkEZRD71qDcAwtEBMRgI1AFwT2L4bsCY2Rg2mUU2RRnywdt6uYkwh8-cLW3tT_g:1njSyj:4YNOb6pNjJe2DizWiZAmaULN6nexpe78Cj600bixlNQ", "expire_date": "2022-05-10T21:44:13.456Z"}}, {"model": "sites.site", "pk": 1, "fields": {"domain": "example.com", "name": "example.com"}}, {"model": "currencies.currency", "pk": "EUR", "fields": {"name": "Euro", "symbol": "€", "factor": "1.1895659900", "is_active": true, "is_base": false, "is_default": false, "info": "{}"}}, {"model": "currencies.currency", "pk": "GBP", "fields": {"name": "Pound Sterling", "symbol": "£", "factor": "1.0000000000", "is_active": true, "is_base": true, "is_default": true, "info": "{}"}}, {"model": "account.emailaddress", "pk": 1, "fields": {"user": 1, "email": "jordi.caristiahill@gmail.com", "verified": true, "primary": true}}, {"model": "account.emailaddress", "pk": 2, "fields": {"user": 2, "email": "test@test.com", "verified": true, "primary": true}}, {"model": "products.category", "pk": 1, "fields": {"name": "speedboat", "friendly_name": "Speedboat"}}, {"model": "products.category", "pk": 2, "fields": {"name": "submarine", "friendly_name": "Submarine"}}, {"model": "products.category", "pk": 3, "fields": {"name": "hovercraft", "friendly_name": "Hovercraft"}}, {"model": "products.category", "pk": 4, "fields": {"name": "animal", "friendly_name": "Animal"}}, {"model": "products.category", "pk": 5, "fields": {"name": "jetski", "friendly_name": "Jetski"}}, {"model": "products.category", "pk": 6, "fields": {"name": "land", "friendly_name": "Land"}}, {"model": "products.category", "pk": 7, "fields": {"name": "warship", "friendly_name": "Warship"}}, {"model": "products.category", "pk": 8, "fields": {"name": "fishing", "friendly_name": "Fishing"}}, {"model": "products.boat", "pk": 1, "fields": {"sku": "TccSpe0001", "name": "Outdoor Ship Speedboat", "currency": "GBP", "price": "92.52", "brand": "Tccicadas", "state_of_assembly": "Ready-to-Go", "power_source": "electric", "age_range": 5, "length": "53.00", "width": "18.00", "height": "11.00", "speed": null, "material": "Metal Plastic", "views": 0, "image": "image/upload/v1650923798/bebme750etdwwwculcwh.jpg", "category": [1]}}, {"model": "products.boat", "pk": 2, "fields": {"sku": "TccSpe0002", "name": "JABO 2BL RC Fishing Bait Boat", "currency": "GBP", "price": "437.96", "brand": "Tccicadas", "state_of_assembly": "Ready-to-Go", "power_source": "electric", "age_range": 5, "length": "62.00", "width": "18.00", "height": "26.30", "speed": "4.20", "material": "Metal Plastic", "views": 0, "image": "image/upload/v1650924130/jlcgllgv3jyq2kqrgzhr.jpg", "category": [1, 8]}}, {"model": "products.boat", "pk": 3, "fields": {"sku": "TccSub0001", "name": "Remote Control Racing Fun Fishing Boat RC Submarine", "currency": "GBP", "price": "124.24", "brand": "Tccicadas", "state_of_assembly": "Ready-to-Go", "power_source": "electric", "age_range": 5, "length": null, "width": null, "height": null, "speed": null, "material": "Metal Plastic", "views": 0, "image": "image/upload/v1650924283/xakapy5dq5reudzklxg1.jpg", "category": [2]}}, {"model": "products.boat", "pk": 4, "fields": {"sku": "TccFis0001", "name": "Bait Boat RC Fishing Boat", "currency": "GBP", "price": "215.01", "brand": "Tccicadas", "state_of_assembly": "Ready-to-Go", "power_source": "electric", "age_range": 14, "length": "56.00", "width": "25.00", "height": "18.00", "speed": "8.00", "material": "Metal Plastic", "views": 1, "image": "image/upload/v1650924500/wxim9y4ah93irwmtpvm6.jpg", "category": [1, 8]}}, {"model": "products.boat", "pk": 5, "fields": {"sku": "TccHov0001", "name": "High Simulation Remote Control Hovership Boat", "currency": "GBP", "price": "69.61", "brand": "Tccicadas", "state_of_assembly": "Ready-to-Go", "power_source": "electric", "age_range": 5, "length": "34.00", "width": "22.00", "height": "15.50", "speed": "20.00", "material": "Metal Plastic", "views": 0, "image": "image/upload/v1650924685/xalxehnk56ueayvxyadf.jpg", "category": [3]}}, {"model": "products.boat", "pk": 6, "fields": {"sku": "TccFis0004", "name": "High Speed Dual Motor Remote Control Intelligent Nesting Ship", "currency": "GBP", "price": "109.26", "brand": "Tccicadas", "state_of_assembly": "Ready-to-Go", "power_source": "electric", "age_range": 5, "length": "48.00", "width": "18.00", "height": "10.00", "speed": "6.00", "material": "Metal Plastic", "views": 4, "image": "image/upload/v1650924835/t4fpzngpy05wlh8vlylv.jpg", "category": [1, 8]}}, {"model": "products.boat", "pk": 7, "fields": {"sku": "ShaAni0001", "name": "Shark Design 2.4G Remote Control", "currency": "GBP", "price": "28.19", "brand": null, "state_of_assembly": "Ready-to-Go", "power_source": "electric", "age_range": 5, "length": "34.00", "width": "14.00", "height": "9.00", "speed": null, "material": "Metal Plastic", "views": 0, "image": "image/upload/v1650925026/y9kvnsmuh0dv27olan1e.jpg", "category": [2, 4]}}, {"model": "products.boat", "pk": 8, "fields": {"sku": "TccJet0001", "name": "2.4G High Speed Remote Control RC Motor Boat", "currency": "GBP", "price": "33.48", "brand": "Tccicadas", "state_of_assembly": "Ready-to-Go", "power_source": "electric", "age_range": 5, "length": "27.00", "width": "14.00", "height": "13.00", "speed": null, "material": "Metal Plastic", "views": 4, "image": "image/upload/v1650925174/ojk1kcxevlfp4mglgbw8.jpg", "category": [5]}}, {"model": "products.boat", "pk": 9, "fields": {"sku": "TccSpe0005", "name": "Model With waterproof Cooling Device Capsize reset power Motor boat", "currency": "GBP", "price": "54.63", "brand": "Tccicadas", "state_of_assembly": "Ready-to-Go", "power_source": "electric", "age_range": 5, "length": "30.00", "width": "8.00", "height": "6.60", "speed": null, "material": "Metal Plastic", "views": 31, "image": "image/upload/v1650925341/kcrztpsrlu60zcjpuqvf.jpg", "category": [1]}}, {"model": "products.boat", "pk": 10, "fields": {"sku": "TccSpe0006", "name": "Speedboat RC Racing Boat Toy Model With waterproof double propeller toy", "currency": "GBP", "price": "23.78", "brand": "Tccicadas", "state_of_assembly": "Ready-to-Go", "power_source": "electric", "age_range": 5, "length": "15.00", "width": "5.00", "height": "4.00", "speed": "15.00", "material": "Metal Plastic", "views": 112, "image": "image/upload/v1650925688/sulgpk5oujgpyfuv0ykt.jpg", "category": [1]}}, {"model": "products.boat", "pk": 11, "fields": {"sku": "TccSpe0007", "name": "Racing Boat Remote Control Electric Racing Boat", "currency": "GBP", "price": "36.12", "brand": "Tccicadas", "state_of_assembly": "Ready-to-Go", "power_source": "electric", "age_range": 5, "length": "65.00", "width": "12.00", "height": "15.00", "speed": "10.00", "material": "Metal Plastic", "views": 0, "image": "image/upload/v1650925939/fywtbhlkkkablz5funyh.png", "category": [1]}}, {"model": "products.boat", "pk": 12, "fields": {"sku": "test", "name": "test", "currency": "EUR", "price": "1.00", "brand": null, "state_of_assembly": null, "power_source": null, "age_range": null, "length": null, "width": null, "height": null, "speed": null, "material": null, "views": 83, "image": null, "category": []}}, {"model": "checkout.order", "pk": 7, "fields": {"order_number": "C23C4FC987704E25BD16B0C80FD5540C", "user_profile": 1, "full_name": "test", "email": "test@test.com", "phone_number": "01234567890", "country": "GB", "postcode": "12345", "town_or_city": "anywhere", "street_address1": "anywhere", "street_address2": null, "county": "anywhere", "date": "2022-04-26T18:20:48.294Z", "delivery_cost": "4.76", "delivery_threshold": "50.00", "order_total": "47.56", "grand_total": "52.32", "original_bag": "{'TccSpe0006': 2}", "stripe_pid": "pi_3Kst03Es7dUZiWua129jUzNF", "currency": "GBP", "coupon": null, "discount": "0.00"}}, {"model": "checkout.order", "pk": 8, "fields": {"order_number": "66BBC12B697F4CDA97771D1288F0BC78", "user_profile": 1, "full_name": "test", "email": "test@test.com", "phone_number": "01234567890", "country": "GB", "postcode": "12345", "town_or_city": "anywhere", "street_address1": "anywhere", "street_address2": null, "county": "anywhere", "date": "2022-04-26T18:21:21.387Z", "delivery_cost": "0.00", "delivery_threshold": "50.00", "order_total": "54.63", "grand_total": "54.63", "original_bag": "{'TccSpe0005': 1}", "stripe_pid": "pi_3Kst0bEs7dUZiWua1NkfokW8", "currency": "GBP", "coupon": null, "discount": "0.00"}}, {"model": "checkout.order", "pk": 9, "fields": {"order_number": "4789A14981C34BC4BE291E13C525BC57", "user_profile": 1, "full_name": "test", "email": "test@test.com", "phone_number": "01234567890", "country": "GB", "postcode": "12345", "town_or_city": "anywhere", "street_address1": "anywhere", "street_address2": null, "county": "anywhere", "date": "2022-04-26T20:02:57.839Z", "delivery_cost": "0.00", "delivery_threshold": "50.00", "order_total": "78.41", "grand_total": "78.41", "original_bag": "{'TccSpe0005': 1, 'TccSpe0006': 1}", "stripe_pid": "pi_3KsuawEs7dUZiWua1zSZkfwJ", "currency": "GBP", "coupon": null, "discount": "0.00"}}, {"model": "checkout.order", "pk": 10, "fields": {"order_number": "3EBC12F699F44D63A34D3B7D92137171", "user_profile": 1, "full_name": "test", "email": "test@test.com", "phone_number": "01234567890", "country": "GB", "postcode": "12345", "town_or_city": "anywhere", "street_address1": "anywhere", "street_address2": null, "county": "anywhere", "date": "2022-04-27T18:31:36.378Z", "delivery_cost": "0.00", "delivery_threshold": "50.00", "order_total": "88.11", "grand_total": "88.11", "original_bag": "{'TccJet0001': 1, 'TccSpe0005': 1}", "stripe_pid": "pi_3KtFdkEs7dUZiWua1e0eyHlF", "currency": "GBP", "coupon": null, "discount": "0.00"}}, {"model": "checkout.order", "pk": 11, "fields": {"order_number": "3F8AA27B364E488D8B0B133622AAA371", "user_profile": 1, "full_name": "test", "email": "test@test.com", "phone_number": "01234567890", "country": "GB", "postcode": "12345", "town_or_city": "anywhere", "street_address1": "anywhere", "street_address2": null, "county": "anywhere", "date": "2022-04-27T18:31:41.965Z", "delivery_cost": "0.00", "delivery_threshold": "100000.00", "order_total": "0.00", "grand_total": "0.00", "original_bag": "{'TccJet0001': 1, 'TccSpe0005': 1}", "stripe_pid": "pi_3KtFdkEs7dUZiWua1e0eyHlF", "currency": "EUR", "coupon": null, "discount": "0.00"}}, {"model": "checkout.order", "pk": 12, "fields": {"order_number": "9F5635A38BF9499D90B59A2314777485", "user_profile": 1, "full_name": "test", "email": "test@test.com", "phone_number": "01234567890", "country": "GB", "postcode": "12345", "town_or_city": "anywhere", "street_address1": "anywhere", "street_address2": null, "county": "anywhere", "date": "2022-04-27T19:23:43.373Z", "delivery_cost": "0.00", "delivery_threshold": "50.00", "order_total": "54.63", "grand_total": "54.08", "original_bag": "{'TccSpe0005': 1}", "stripe_pid": "pi_3KtGSSEs7dUZiWua179iYLm6", "currency": "GBP", "coupon": 1, "discount": "0.00"}}, {"model": "checkout.order", "pk": 13, "fields": {"order_number": "1343DBA4AFE74001932F7A2A95140260", "user_profile": 1, "full_name": "test", "email": "test@test.com", "phone_number": "01234567890", "country": "GB", "postcode": "12345", "town_or_city": "anywhere", "street_address1": "anywhere", "street_address2": null, "county": "anywhere", "date": "2022-04-27T19:26:12.350Z", "delivery_cost": "0.00", "delivery_threshold": "50.00", "order_total": "54.63", "grand_total": "54.08", "original_bag": "{'TccSpe0005': 1}", "stripe_pid": "pi_3KtGUtEs7dUZiWua1unLQx9n", "currency": "GBP", "coupon": 1, "discount": "0.00"}}, {"model": "checkout.order", "pk": 14, "fields": {"order_number": "C99121458464473AB340CF1A8CF2E4C2", "user_profile": 1, "full_name": "test", "email": "test@test.com", "phone_number": "01234567890", "country": "GB", "postcode": "12345", "town_or_city": "anywhere", "street_address1": "anywhere", "street_address2": null, "county": "anywhere", "date": "2022-04-27T19:57:50.752Z", "delivery_cost": "0.00", "delivery_threshold": "50.00", "order_total": "54.63", "grand_total": "54.08", "original_bag": "{'TccSpe0005': 1}", "stripe_pid": "pi_3KtGzYEs7dUZiWua0Fs58pdK", "currency": "GBP", "coupon": 1, "discount": "1.00"}}, {"model": "checkout.order", "pk": 15, "fields": {"order_number": "A5C819AE791B461C8DF47B4DFD3E0C7E", "user_profile": 1, "full_name": "test", "email": "test@test.com", "phone_number": "01234567890", "country": "GB", "postcode": "12345", "town_or_city": "anywhere", "street_address1": "anywhere", "street_address2": null, "county": "anywhere", "date": "2022-04-27T19:58:51.846Z", "delivery_cost": "0.00", "delivery_threshold": "50.00", "order_total": "54.63", "grand_total": "54.08", "original_bag": "{'TccSpe0005': 1}", "stripe_pid": "pi_3KtH0YEs7dUZiWua1ljAxOr2", "currency": "GBP", "coupon": 1, "discount": "0.55"}}, {"model": "checkout.orderlineitem", "pk": 11, "fields": {"order": 7, "boat": 10, "quantity": 2, "lineitem_total": "47.56"}}, {"model": "checkout.orderlineitem", "pk": 12, "fields": {"order": 8, "boat": 9, "quantity": 1, "lineitem_total": "54.63"}}, {"model": "checkout.orderlineitem", "pk": 13, "fields": {"order": 9, "boat": 9, "quantity": 1, "lineitem_total": "54.63"}}, {"model": "checkout.orderlineitem", "pk": 14, "fields": {"order": 9, "boat": 10, "quantity": 1, "lineitem_total": "23.78"}}, {"model": "checkout.orderlineitem", "pk": 15, "fields": {"order": 10, "boat": 8, "quantity": 1, "lineitem_total": "33.48"}}, {"model": "checkout.orderlineitem", "pk": 16, "fields": {"order": 10, "boat": 9, "quantity": 1, "lineitem_total": "54.63"}}, {"model": "checkout.orderlineitem", "pk": 17, "fields": {"order": 11, "boat": 8, "quantity": 0, "lineitem_total": "0.00"}}, {"model": "checkout.orderlineitem", "pk": 18, "fields": {"order": 11, "boat": 9, "quantity": 0, "lineitem_total": "0.00"}}, {"model": "checkout.orderlineitem", "pk": 19, "fields": {"order": 12, "boat": 9, "quantity": 1, "lineitem_total": "54.63"}}, {"model": "checkout.orderlineitem", "pk": 20, "fields": {"order": 13, "boat": 9, "quantity": 1, "lineitem_total": "54.63"}}, {"model": "checkout.orderlineitem", "pk": 21, "fields": {"order": 14, "boat": 9, "quantity": 1, "lineitem_total": "54.63"}}, {"model": "checkout.orderlineitem", "pk": 22, "fields": {"order": 15, "boat": 9, "quantity": 1, "lineitem_total": "54.63"}}, {"model": "profiles.userprofile", "pk": 1, "fields": {"user": 1, "default_phone_number": "01234567890", "default_street_address1": "anywhere", "default_street_address2": null, "default_town_or_city": "anywhere", "default_county": "anywhere", "default_postcode": "12345", "default_country": "GB"}}, {"model": "profiles.userprofile", "pk": 2, "fields": {"user": 2, "default_phone_number": null, "default_street_address1": null, "default_street_address2": null, "default_town_or_city": null, "default_county": null, "default_postcode": null, "default_country": null}}, {"model": "reviews.review", "pk": 4, "fields": {"username": 1, "boat": 10, "score": "4.0", "body": "", "created_on": "2022-04-26T21:44:13.378Z", "updated_on": "2022-04-26T21:44:13.378Z"}}, {"model": "reviews.review", "pk": 11, "fields": {"username": 1, "boat": 10, "score": "2.0", "body": "", "created_on": "2022-04-27T21:16:27.960Z", "updated_on": "2022-04-27T21:16:27.960Z"}}, {"model": "discounts.coupon", "pk": 1, "fields": {"code": "TEST", "valid_from": "2022-04-27T16:49:05Z", "valid_to": "2022-04-28T16:49:09Z", "discount": 1, "active": true}}]